<?xml version="1.0" encoding="UTF-8" standalone="no"?>
<feature id="org.wso2.carbon.databridge.receiver.thrift.server" label="WSO2 Carbon - Data Bridge - Thrift Receiver Server Feature" provider-name="%providerName" version="1.0.0.SNAPSHOT">
  <description>This feature contains the bundles required for the thrift receiver of the data bridge</description>
  <copyright>%copyright</copyright>
  <license url="%licenseURL">%license</license>
  <plugin id="org.wso2.carbon.databridge.receiver.thrift" unpack="false" version="1.0.0.SNAPSHOT"/>
  <require>
    <import feature="org.wso2.carbon.databridge.commons.server" match="equivalent" version="1.0.0.SNAPSHOT"/>
    <import feature="org.wso2.carbon.databridge.core.server" match="equivalent" version="1.0.0.SNAPSHOT"/>
    <import feature="org.wso2.carbon.databridge.commons.thrift.server" match="equivalent" version="1.0.0.SNAPSHOT"/>
    <import feature="org.wso2.carbon.core.server" match="equivalent" version="4.3.0"/>
  </require>
</feature>
