<?xml version="1.0" encoding="UTF-8" standalone="no"?>
<feature id="org.wso2.carbon.event.stream.ui" label="WSO2 Carbon - Event Stream  UI Feature" provider-name="%providerName" version="1.0.0.SNAPSHOT">
  <description>This feature contains the bundles required for Front-end Event Stream functionality</description>
  <copyright>%copyright</copyright>
  <license url="%licenseURL">%license</license>
  <plugin id="org.wso2.carbon.event.stream.stub" unpack="false" version="1.0.0.SNAPSHOT"/>
  <plugin id="org.wso2.carbon.event.stream.ui" unpack="false" version="1.0.0.SNAPSHOT"/>
  <require>
    <import feature="org.wso2.carbon.core" match="equivalent" version="4.3.0"/>
  </require>
</feature>
