<?xml version="1.0" encoding="UTF-8" standalone="no"?>
<feature id="org.wso2.carbon.event.stream" label="WSO2 Carbon - Event Stream Feature" provider-name="%providerName" version="1.0.0.SNAPSHOT">
  <description>This feature contains the bundles required for Event Stream features.</description>
  <copyright>%copyright</copyright>
  <license url="%licenseURL">%license</license>
  <require>
    <import feature="org.wso2.carbon.core" match="equivalent" version="4.3.0"/>
  </require>
  <includes id="org.wso2.carbon.event.stream.server" optional="false" version="1.0.0.SNAPSHOT"/>
  <includes id="org.wso2.carbon.event.stream.ui" optional="false" version="1.0.0.SNAPSHOT"/>
</feature>
